1,2,3,4,5,6,7,8,9,10,11,12,13,14,15,Thinking about moving wrist,,,Thinking test 2,,
TIME,CH1,Tremor?,TIME,CH1,Tremor?,TIME,CH1,Tremor?,TIME,CH1,Tremor?,TIME,CH1,Tremor?,TIME,CH1,Tremor?,TIME,CH1,Tremor?
1,6,0,1,6,0,1,7,1,1,10,0,1,6,0,1,6,1,1,6,1
2,6,0,2,7,0,2,6,1,2,8,0,2,6,1,2,6,1,2,7,1
3,6,0,3,8,0,3,7,1,3,7,0,3,6,1,3,6,1,3,7,1
4,6,0,4,7,0,4,8,1,4,7,0,4,6,1,4,6,1,4,71,1
5,6,0,5,7,0,5,9,1,5,8,0,5,9,1,5,6,1,5,142,0
6,6,0,6,9,0,6,8,1,6,8,0,6,7,1,6,6,1,6,122,0
7,6,0,7,8,0,7,6,1,7,7,0,7,6,1,7,6,1,7,51,1
8,6,0,8,8,0,8,7,1,8,8,0,8,6,1,8,6,1,8,34,1
9,6,0,9,7,0,9,8,1,9,7,0,9,6,1,9,6,1,9,88,1
10,7,0,10,6,0,10,6,1,10,8,0,10,6,1,10,6,1,10,122,0
11,7,0,11,6,0,11,9,1,11,10,0,11,10,1,11,6,1,11,120,0
12,8,0,12,6,0,12,9,1,12,15,0,12,9,1,12,6,1,12,83,0
13,7,0,13,6,0,13,8,1,13,10,0,13,8,1,13,6,1,13,31,1
14,7,0,14,7,0,14,6,1,14,7,0,14,7,1,14,6,1,14,37,1
15,6,0,15,6,0,15,6,1,15,7,0,15,7,1,15,5,1,15,50,1
16,6,0,16,7,0,16,6,1,16,7,0,16,6,1,16,6,1,16,65,0
17,7,0,17,7,0,17,6,1,17,7,0,17,6,1,17,6,1,17,52,0
18,6,0,18,6,0,18,6,1,18,7,0,18,6,1,18,5,1,18,54,0
19,6,0,19,6,0,19,9,1,19,7,0,19,6,1,19,6,1,19,62,0
20,6,0,20,6,0,20,6,1,20,7,1,20,7,1,20,6,1,20,93,0
21,6,0,21,6,0,21,6,1,21,8,1,21,9,1,21,6,1,21,94,0
22,6,0,22,7,0,22,6,1,22,8,1,22,8,1,22,5,1,22,93,0
23,6,0,23,11,0,23,6,1,23,7,1,23,8,1,23,6,1,23,105,0
24,6,0,24,12,0,24,6,1,24,13,1,24,7,1,24,6,1,24,109,0
25,6,0,25,10,0,25,6,1,25,14,1,25,6,1,25,6,1,25,65,0
26,6,0,26,8,0,26,6,1,26,18,1,26,9,1,26,6,1,26,31,0
27,6,0,27,6,0,27,6,1,27,14,1,27,19,1,27,6,1,27,13,0
28,6,0,28,7,0,28,6,1,28,12,1,28,11,1,28,6,1,28,21,0
29,6,0,29,8,0,29,6,1,29,13,1,29,7,1,29,6,1,29,10,0
30,6,0,30,7,0,30,6,1,30,10,1,30,6,1,30,5,1,30,7,0
31,6,0,31,6,0,31,7,1,31,8,1,31,15,1,31,6,1,31,7,0
32,6,0,32,6,0,32,8,1,32,8,1,32,21,1,32,6,1,32,6,0
33,6,0,33,6,0,33,8,1,33,8,1,33,12,1,33,6,1,33,24,0
34,5,0,34,6,0,34,10,1,34,7,1,34,7,1,34,5,1,34,12,0
35,6,0,35,6,0,35,11,1,35,7,1,35,6,1,35,5,1,35,7,0
36,6,0,36,7,0,36,10,1,36,7,1,36,25,1,36,6,1,36,11,0
37,5,0,37,7,0,37,8,1,37,7,1,37,30,1,37,6,1,37,12,0
38,6,0,38,6,0,38,44,1,38,8,1,38,18,1,38,5,1,38,11,0
39,7,0,39,6,0,39,84,1,39,7,1,39,10,1,39,6,1,39,10,0
40,17,0,40,6,0,40,119,1,40,7,1,40,33,1,40,6,1,40,7,0
41,31,0,41,6,0,41,130,1,41,10,1,41,99,1,41,6,1,41,10,0
42,37,0,42,6,0,42,128,1,42,10,1,42,62,1,42,6,1,42,8,0
43,39,0,43,6,0,43,132,1,43,10,1,43,20,1,43,6,1,43,7,0
44,49,0,44,6,0,44,144,1,44,15,1,44,18,1,44,6,1,44,6,0
45,104,0,45,6,0,45,138,1,45,19,1,45,93,1,45,6,1,45,17,0
46,93,0,46,6,0,46,159,1,46,18,1,46,81,1,46,75,1,46,38,0
47,83,0,47,6,0,47,162,1,47,17,1,47,28,1,47,163,1,47,47,0
48,83,0,48,6,0,48,166,0,48,13,1,48,12,1,48,191,0,48,44,0
49,59,0,49,6,0,49,131,1,49,10,1,49,15,1,49,205,0,49,42,0
50,38,0,50,6,0,50,85,1,50,8,1,50,86,1,50,217,0,50,27,0
51,65,0,51,6,0,51,56,1,51,8,1,51,67,1,51,248,0,51,19,0
52,108,0,52,6,0,52,23,1,52,7,1,52,32,1,52,273,0,52,29,0
53,147,0,53,6,0,53,10,1,53,8,1,53,30,1,53,247,0,53,21,0
54,171,0,54,6,0,54,10,1,54,7,1,54,35,1,54,218,0,54,13,0
55,205,0,55,7,0,55,19,1,55,7,1,55,86,1,55,172,0,55,12,0
56,200,0,56,6,0,56,14,1,56,7,1,56,81,1,56,145,0,56,12,0
57,230,0,57,13,0,57,10,1,57,7,1,57,25,1,57,113,0,57,8,0
58,242,0,58,18,0,58,20,1,58,8,1,58,14,1,58,61,0,58,7,0
59,208,0,59,14,0,59,32,1,59,17,1,59,32,1,59,25,0,59,7,0
60,194,0,60,23,0,60,45,1,60,19,1,60,110,1,60,10,0,60,7,0
61,164,0,61,41,0,61,45,1,61,37,1,61,42,1,61,8,0,61,14,0
62,176,0,62,55,0,62,38,1,62,68,1,62,15,1,62,7,0,62,18,0
63,169,0,63,76,0,63,33,1,63,84,1,63,13,1,63,12,0,63,15,0
64,133,0,64,97,0,64,27,1,64,77,1,64,95,1,64,38,0,64,10,0
65,97,0,65,126,0,65,16,1,65,63,1,65,80,1,65,67,0,65,7,0
66,92,0,66,145,0,66,15,1,66,61,1,66,34,1,66,76,0,66,7,0
67,100,0,67,134,0,67,16,1,67,53,1,67,26,1,67,71,0,67,8,0
68,66,0,68,113,0,68,26,1,68,54,1,68,118,0,68,63,0,68,10,0
69,74,0,69,85,0,69,37,1,69,53,1,69,105,0,69,47,0,69,11,0
70,100,1,70,58,0,70,47,1,70,43,1,70,37,1,70,25,0,70,9,0
71,70,1,71,35,0,71,35,1,71,35,1,71,20,1,71,18,0,71,6,0
72,39,1,72,28,0,72,28,1,72,47,1,72,98,0,72,18,0,72,6,0
73,49,1,73,22,0,73,18,1,73,75,1,73,125,0,73,10,0,73,6,0
74,72,1,74,12,0,74,29,1,74,118,1,74,34,1,74,7,0,74,7,0
75,90,1,75,14,0,75,43,1,75,184,0,75,14,1,75,7,0,75,9,0
76,70,1,76,13,0,76,48,1,76,211,0,76,32,1,76,6,0,76,10,0
77,66,1,77,15,0,77,58,1,77,198,0,77,135,0,77,6,0,77,8,0
78,72,1,78,17,0,78,68,1,78,202,0,78,55,1,78,6,0,78,8,0
79,64,1,79,13,0,79,67,1,79,201,0,79,21,1,79,6,0,79,6,0
80,49,1,80,12,0,80,59,1,80,169,0,80,12,1,80,6,0,80,11,0
81,50,1,81,16,0,81,68,1,81,116,0,81,75,0,81,6,1,81,13,0
82,57,1,82,14,0,82,87,1,82,68,0,82,75,0,82,6,1,82,16,0
83,31,1,83,10,0,83,96,1,83,48,0,83,23,1,83,7,1,83,10,0
84,30,1,84,10,0,84,104,1,84,46,0,84,23,1,84,6,1,84,7,0
85,30,1,85,15,0,85,89,1,85,55,0,85,12,1,85,7,1,85,6,0
86,28,1,86,21,0,86,65,1,86,54,0,86,42,1,86,8,1,86,11,0
87,30,1,87,20,0,87,46,1,87,56,0,87,33,1,87,8,1,87,10,0
88,47,1,88,14,0,88,50,1,88,42,0,88,17,1,88,8,1,88,8,0
89,46,1,89,9,0,89,54,1,89,22,0,89,19,1,89,8,1,89,18,0
90,37,1,90,8,0,90,69,1,90,12,0,90,44,1,90,7,1,90,21,0
91,35,1,91,10,0,91,82,1,91,10,0,91,60,0,91,8,1,91,56,0
92,38,1,92,10,0,92,63,1,92,13,0,92,25,1,92,12,1,92,23,0
93,48,1,93,9,0,93,52,1,93,11,0,93,11,1,93,15,1,93,11,0
94,65,1,94,12,0,94,42,1,94,13,0,94,16,1,94,11,1,94,7,0
95,66,1,95,11,0,95,39,1,95,11,0,95,8,1,95,11,1,95,6,0
96,41,1,96,10,0,96,57,1,96,14,0,96,25,1,96,11,1,96,6,0
97,28,1,97,15,0,97,75,1,97,10,0,97,65,0,97,8,1,97,9,0
98,38,1,98,18,0,98,41,1,98,8,0,98,132,0,98,10,1,98,10,0
99,58,1,99,19,0,99,31,1,99,7,0,99,52,0,99,15,1,99,8,0
100,67,1,100,18,0,100,44,1,100,7,0,100,25,1,100,11,1,100,7,0
101,26,1,101,15,0,101,49,1,101,11,0,101,15,1,101,9,1,101,6,0
102,33,1,102,11,0,102,75,1,102,11,0,102,23,1,102,20,1,102,6,0
103,33,1,103,12,0,103,43,1,103,10,0,103,28,0,103,26,1,103,6,0
104,42,1,104,10,0,104,32,1,104,8,0,104,16,1,104,34,1,104,6,0
105,39,1,105,12,0,105,25,1,105,7,0,105,27,0,105,22,1,105,6,0
106,29,1,106,12,1,106,29,1,106,8,0,106,28,0,106,11,1,106,6,0
107,32,1,107,19,1,107,39,1,107,8,0,107,35,0,107,14,1,107,6,0
108,41,1,108,25,1,108,42,1,108,11,0,108,27,0,108,17,1,108,6,0
109,43,1,109,20,1,109,38,1,109,8,0,109,33,0,109,18,1,109,6,0
110,23,1,110,23,1,110,25,1,110,8,0,110,31,1,110,16,1,110,6,0
111,42,1,111,27,1,111,40,1,111,11,0,111,39,1,111,15,1,111,10,0
112,50,1,112,33,1,112,39,1,112,16,0,112,14,1,112,25,1,112,10,0
113,68,1,113,46,1,113,46,1,113,17,0,113,7,1,113,21,1,113,20,0
114,51,1,114,39,1,114,38,1,114,12,0,114,6,1,114,25,1,114,11,0
115,44,1,115,31,1,115,36,1,115,9,0,115,7,1,115,30,1,115,8,0
116,44,1,116,34,1,116,48,1,116,8,0,116,7,1,116,34,1,116,9,0
117,47,1,117,50,1,117,51,1,117,8,0,117,8,1,117,30,1,117,8,0
118,59,1,118,25,1,118,64,1,118,8,0,118,17,1,118,16,1,118,9,0
119,59,1,119,22,1,119,49,1,119,9,0,119,17,1,119,16,1,119,10,0
120,32,1,120,25,1,120,35,1,120,9,0,120,18,1,120,24,1,120,16,0
121,25,1,121,26,1,121,44,1,121,10,0,121,15,1,121,29,1,121,10,0
122,28,1,122,21,1,122,48,1,122,8,0,122,28,1,122,25,1,122,7,0
123,45,1,123,14,1,123,53,1,123,9,1,123,81,0,123,23,1,123,10,0
124,26,1,124,17,1,124,60,1,124,7,1,124,103,0,124,30,0,124,9,0
125,23,1,125,22,1,125,25,1,125,13,1,125,40,1,125,35,0,125,7,0
126,42,1,126,24,1,126,24,1,126,17,1,126,32,1,126,36,0,126,8,0
127,49,1,127,12,1,127,32,1,127,22,1,127,14,1,127,49,0,127,8,0
128,53,1,128,9,1,128,38,1,128,13,1,128,8,1,128,51,0,128,6,0
129,38,1,129,17,1,129,40,1,129,12,1,129,7,1,129,47,0,129,7,0
130,30,1,130,24,1,130,51,1,130,21,1,130,6,1,130,43,0,130,10,0
131,42,1,131,36,1,131,49,1,131,21,1,131,11,1,131,42,0,131,23,0
132,38,1,132,33,1,132,38,1,132,15,1,132,10,1,132,38,0,132,19,0
133,21,1,133,17,1,133,44,1,133,9,1,133,15,1,133,57,0,133,12,0
134,18,1,134,28,1,134,38,1,134,8,1,134,13,1,134,69,0,134,10,0
135,17,1,135,31,1,135,49,1,135,9,1,135,14,1,135,74,0,135,7,0
136,22,1,136,34,1,136,47,1,136,14,1,136,27,1,136,60,0,136,6,0
137,30,1,137,32,1,137,33,1,137,15,1,137,21,1,137,44,0,137,6,0
138,42,1,138,23,1,138,31,1,138,12,1,138,36,1,138,24,0,138,6,0
139,38,0,139,33,1,139,38,1,139,9,1,139,39,1,139,13,0,139,6,0
140,33,0,140,41,1,140,31,1,140,8,1,140,30,1,140,8,0,140,6,0
141,45,0,141,33,1,141,33,1,141,6,1,141,20,1,141,10,0,141,7,0
142,44,0,142,25,1,142,38,1,142,6,1,142,50,1,142,17,0,142,7,0
143,48,0,143,42,1,143,96,1,143,7,1,143,43,1,143,18,0,143,6,0
144,51,0,144,53,1,144,116,0,144,15,1,144,18,1,144,24,0,144,6,0
145,61,0,145,43,1,145,112,0,145,20,1,145,14,1,145,28,0,145,23,0
146,85,0,146,36,1,146,91,0,146,34,1,146,8,1,146,24,0,146,15,0
147,105,0,147,29,1,147,84,0,147,31,1,147,8,1,147,21,0,147,9,0
148,112,0,148,39,1,148,72,1,148,28,1,148,9,1,148,15,0,148,7,0
149,101,0,149,41,1,149,50,1,149,24,1,149,9,1,149,11,0,149,8,0
150,82,0,150,36,1,150,31,1,150,12,1,150,20,1,150,12,0,150,7,0
151,52,0,151,34,1,151,19,1,151,8,1,151,19,1,151,9,0,151,7,0
152,36,0,152,29,1,152,24,1,152,6,1,152,10,1,152,13,0,152,7,0
153,23,0,153,18,1,153,28,1,153,6,1,153,13,1,153,20,0,153,6,0
154,17,0,154,20,1,154,19,1,154,8,1,154,27,1,154,27,0,154,5,0
155,13,0,155,37,1,155,13,1,155,7,1,155,26,1,155,23,0,155,6,0
156,9,0,156,43,1,156,15,1,156,8,1,156,19,1,156,21,0,156,10,0
157,8,0,157,21,1,157,17,1,157,13,1,157,33,1,157,26,0,157,8,0
158,8,0,158,18,1,158,27,1,158,14,1,158,55,1,158,18,0,158,6,0
159,7,0,159,18,1,159,27,1,159,10,1,159,110,1,159,13,0,159,6,0
160,7,0,160,27,1,160,36,1,160,8,1,160,188,0,160,9,0,160,8,0
161,7,0,161,43,1,161,17,1,161,8,1,161,103,1,161,8,0,161,10,0
162,7,0,162,52,1,162,25,1,162,7,1,162,43,1,162,11,0,162,7,0
163,7,0,163,41,1,163,27,1,163,14,1,163,18,1,163,10,0,163,6,0
164,7,0,164,30,1,164,23,1,164,38,1,164,9,1,164,12,0,164,6,0
165,7,0,165,21,1,165,32,1,165,52,1,165,6,1,165,9,0,165,6,0
166,8,0,166,26,1,166,34,1,166,65,0,166,6,1,166,6,0,166,6,0
,,,167,32,1,167,26,1,167,57,0,167,7,1,167,6,0,167,6,0
,,,168,36,1,168,25,1,168,32,1,168,11,1,168,6,0,168,7,0
,,,169,19,1,169,30,1,169,17,1,169,22,1,169,7,0,169,6,0
,,,170,14,1,170,28,1,170,45,1,170,11,1,170,6,0,170,6,0
,,,171,25,1,171,29,1,171,66,0,171,21,1,171,6,0,171,6,0
,,,172,38,1,172,33,1,172,85,0,172,24,1,172,6,0,172,6,0
,,,173,27,1,173,22,1,173,99,0,173,42,1,173,6,0,173,6,0
,,,174,16,1,174,24,1,174,87,0,174,22,1,174,6,0,174,9,0
,,,175,14,1,175,23,1,175,95,0,175,31,1,175,6,0,175,8,0
,,,176,26,1,176,32,1,176,29,0,176,44,1,176,6,0,176,9,0
,,,177,25,1,177,35,1,177,68,0,177,136,0,177,6,0,177,9,0
,,,178,34,1,178,23,1,178,28,0,178,158,0,178,6,0,178,9,0
,,,179,27,1,179,24,1,179,21,0,179,79,0,179,6,0,179,12,0
,,,180,25,1,180,32,1,180,27,0,180,79,0,180,6,0,180,13,0
,,,181,27,1,181,31,1,181,27,0,181,129,0,181,7,0,181,21,0
,,,182,24,1,182,29,1,182,27,0,182,153,0,182,23,0,182,15,0
,,,183,46,1,183,30,1,183,36,0,183,118,0,183,30,0,183,17,0
,,,184,30,1,184,46,1,184,46,0,184,110,0,184,27,0,184,14,0
,,,185,17,1,185,41,1,185,37,0,185,98,0,185,27,0,185,12,0
,,,186,14,1,186,40,1,186,41,0,186,73,0,186,19,0,186,17,0
,,,187,19,1,187,29,1,187,44,0,187,37,0,187,19,0,187,24,0
,,,188,24,1,188,30,1,188,28,0,188,17,0,188,11,0,188,17,0
,,,189,16,1,189,43,1,189,16,0,189,22,0,189,10,0,189,19,0
,,,190,13,1,190,35,1,190,9,0,190,24,0,190,20,0,190,16,0
,,,191,12,1,191,47,1,191,7,0,191,29,0,191,16,0,191,13,0
,,,192,13,1,192,60,0,192,8,0,192,17,0,192,15,0,192,11,0
,,,193,18,1,193,71,0,193,7,0,193,18,0,193,13,0,193,28,0
,,,194,30,1,194,57,0,194,8,0,194,27,0,194,17,0,194,38,0
,,,195,15,1,195,58,0,195,14,0,195,14,0,195,20,0,195,25,0
,,,196,11,1,196,59,0,196,18,0,196,9,0,196,34,0,196,17,0
,,,197,10,1,197,53,0,197,16,0,197,8,0,197,31,0,197,15,0
,,,198,10,1,198,49,0,198,12,0,198,10,0,198,26,0,198,14,0
,,,199,17,1,199,44,0,199,9,0,199,9,0,199,21,0,199,8,0
,,,200,10,1,200,31,0,200,8,0,200,10,0,200,16,0,200,7,0
,,,201,11,1,201,40,0,201,8,0,201,11,0,201,12,0,201,6,0
,,,202,14,1,202,40,0,202,7,0,202,9,0,202,17,0,202,6,0
,,,203,19,1,203,32,0,203,10,0,203,11,0,203,11,0,203,6,0
,,,204,13,1,204,36,0,204,21,0,204,9,0,204,9,0,204,6,0
,,,205,13,1,205,29,0,205,21,0,205,7,0,205,8,0,205,7,0
,,,206,12,1,206,19,0,206,30,0,206,6,0,206,12,0,206,7,0
,,,207,16,1,207,13,1,207,23,0,207,13,0,207,9,0,207,7,0
,,,208,15,1,208,12,1,208,19,0,208,15,0,208,7,0,208,6,0
,,,209,31,1,209,14,1,209,12,0,209,24,0,209,7,0,209,6,0
,,,210,19,1,210,14,1,210,10,0,210,49,0,210,6,0,210,6,0
,,,211,21,1,211,13,1,211,15,0,211,19,0,211,6,1,211,8,0
,,,212,21,1,212,11,1,212,25,0,212,12,0,212,6,1,212,11,0
,,,213,21,1,213,10,1,213,25,0,213,11,0,213,7,1,213,11,0
,,,214,55,1,214,13,1,214,23,0,214,8,0,214,6,1,214,7,0
,,,215,30,1,215,13,1,215,17,0,215,8,0,215,6,1,215,7,0
,,,216,24,1,216,12,1,216,12,0,216,12,0,216,6,1,216,9,0
,,,217,30,1,217,13,1,217,7,1,217,42,0,217,6,1,217,9,0
,,,218,19,1,218,14,1,218,11,0,218,17,0,218,6,1,218,7,0
,,,219,17,1,219,18,0,219,15,0,219,13,0,219,6,1,219,8,0
,,,220,17,1,220,15,1,220,18,0,220,24,0,220,7,1,220,7,0
,,,221,14,1,221,20,0,221,12,1,221,12,0,221,8,0,221,6,0
,,,222,21,1,222,20,0,222,8,1,222,8,0,222,6,1,222,8,0
,,,223,32,1,223,26,0,223,6,1,223,6,0,223,6,1,223,6,0
,,,224,37,1,224,34,0,224,13,1,224,13,0,224,6,1,224,6,0
,,,225,28,1,225,25,0,225,37,0,225,40,0,225,6,1,225,7,0
,,,226,18,1,226,16,0,226,58,0,226,16,0,226,7,1,226,19,0
,,,227,18,1,227,12,0,227,54,0,227,22,0,227,8,0,227,15,0
,,,228,37,1,228,15,0,228,50,0,228,23,0,228,10,0,228,12,0
,,,229,33,1,229,12,0,229,26,1,229,18,0,229,11,0,229,9,0
,,,230,20,1,230,23,0,230,13,1,230,10,0,230,16,0,230,8,0
,,,231,25,1,231,45,0,231,9,1,231,7,0,231,14,0,231,6,0
,,,232,28,1,232,54,0,232,10,1,232,6,1,232,9,0,232,6,0
,,,233,23,1,233,46,0,233,11,1,233,16,1,233,12,0,233,7,0
,,,234,16,1,234,30,0,234,14,1,234,31,1,234,10,0,234,6,0
,,,235,13,1,235,15,0,235,16,1,235,22,1,235,11,0,235,7,0
,,,236,14,1,236,17,0,236,13,1,236,45,1,236,12,0,236,10,0
,,,237,15,1,237,19,0,237,9,1,237,20,1,237,22,0,237,7,0
,,,238,18,1,238,22,0,238,56,1,238,14,1,238,18,0,238,7,0
,,,239,20,1,239,21,0,239,31,1,239,15,1,239,16,0,239,7,0
,,,240,12,1,240,37,0,240,16,1,240,8,1,240,16,0,240,28,0
,,,241,21,1,241,35,0,241,14,1,241,7,1,241,40,0,241,25,0
,,,242,22,1,242,29,0,242,9,1,242,11,1,242,44,0,242,12,0
,,,243,25,1,243,20,0,243,10,1,243,15,1,243,50,0,243,15,0
,,,244,27,1,244,18,0,244,13,1,244,14,1,244,46,0,244,10,0
,,,245,16,1,245,15,0,245,13,1,245,30,1,245,34,0,245,7,0
,,,246,13,1,246,16,0,246,16,1,246,24,1,246,38,0,246,7,0
,,,247,17,1,247,15,0,247,11,1,247,20,1,247,47,0,247,6,0
,,,248,19,1,248,12,0,248,8,1,248,11,1,248,38,0,248,6,0
,,,249,15,1,249,19,0,249,7,1,249,8,1,249,27,0,249,7,0
,,,250,10,1,250,31,0,250,9,1,250,7,1,250,36,0,250,7,0
,,,251,13,1,251,32,0,251,20,1,251,8,1,251,36,0,251,6,0
,,,252,16,1,252,29,0,252,38,1,252,31,1,252,30,0,252,8,0
,,,253,14,1,253,19,0,253,36,1,253,16,1,253,29,0,253,13,0
,,,254,11,1,254,20,0,254,33,1,254,15,1,254,26,0,254,21,0
,,,255,10,1,255,18,0,255,20,1,255,16,1,255,42,0,255,17,0
,,,256,12,1,256,14,0,256,21,1,256,14,1,256,35,0,256,21,0
,,,257,16,1,257,17,0,257,10,1,257,10,1,257,25,0,257,18,0
,,,258,17,1,258,16,0,258,7,1,258,8,1,258,25,0,258,12,0
,,,259,16,1,259,11,0,259,6,1,259,7,1,259,19,0,259,8,0
,,,260,11,1,260,12,0,260,14,1,260,9,1,260,14,0,260,11,0
,,,261,15,1,261,11,0,261,18,1,261,19,1,261,8,0,261,8,0
,,,262,14,1,262,15,0,262,13,1,262,23,1,262,12,0,262,8,0
,,,263,18,1,263,13,0,263,12,1,263,18,1,263,9,0,263,8,0
,,,264,18,1,264,14,0,264,21,1,264,16,1,264,7,0,264,7,0
,,,265,16,1,265,22,0,265,41,1,265,11,1,265,6,0,265,8,0
,,,266,20,1,266,23,0,266,52,1,266,31,1,266,6,0,266,11,0
,,,267,23,1,267,22,0,267,30,1,267,32,1,267,6,0,267,29,0
,,,268,21,1,268,14,0,268,31,1,268,42,1,268,7,0,268,20,0
,,,269,24,1,269,9,0,269,40,1,269,31,1,269,6,0,269,10,0
,,,270,27,1,270,12,0,270,53,1,270,24,1,270,8,0,270,7,0
,,,271,14,1,271,11,0,271,70,1,271,17,1,271,7,0,271,7,0
,,,272,11,1,272,11,0,272,53,1,272,18,1,272,6,0,272,10,0
,,,273,13,1,273,10,0,273,30,1,273,12,1,273,6,0,273,8,0
,,,274,12,1,274,18,0,274,17,1,274,8,1,274,6,0,274,7,0
,,,275,14,1,275,15,0,275,14,1,275,6,1,275,7,0,275,7,0
,,,276,10,1,276,14,0,276,30,1,276,10,1,276,7,0,276,7,0
,,,277,10,1,277,12,0,277,52,1,277,14,1,277,8,0,277,9,0
,,,278,19,1,278,13,0,278,53,1,278,26,1,278,8,0,278,12,0
,,,279,24,1,279,13,0,279,66,1,279,49,1,279,9,0,279,11,0
,,,280,21,1,280,9,1,280,93,1,280,74,1,280,8,0,280,13,0
,,,281,19,1,281,11,1,281,70,1,281,88,1,281,9,0,281,20,0
,,,282,12,1,282,10,1,282,42,1,282,95,1,282,7,0,282,19,0
,,,283,13,1,283,9,1,283,26,1,283,120,1,283,6,0,283,48,0
,,,284,16,1,284,11,1,284,30,1,284,138,1,284,7,0,284,51,0
,,,285,13,1,285,15,1,285,41,1,285,140,1,285,9,0,285,27,0
,,,286,17,1,286,14,1,286,39,1,286,129,1,286,6,0,286,12,0
,,,287,16,1,287,22,1,287,46,1,287,114,1,287,7,0,287,7,0
,,,288,10,1,288,22,1,288,57,1,288,121,1,288,7,0,288,7,0
,,,289,19,1,289,22,1,289,68,1,289,116,1,,,,289,9,0
,,,290,16,1,290,21,1,290,157,0,290,108,1,,,,290,7,0
,,,291,25,1,291,23,1,291,77,0,291,95,1,,,,291,6,0
,,,292,23,1,292,13,1,292,36,1,292,99,1,,,,292,8,0
,,,293,31,1,293,11,1,293,27,1,293,88,1,,,,293,9,0
,,,294,25,1,294,9,1,294,16,1,294,70,1,,,,294,7,0
,,,295,32,0,295,12,1,295,20,1,295,58,1,,,,295,6,0
,,,296,24,0,296,15,1,296,31,1,296,31,1,,,,296,6,0
,,,297,11,0,297,15,1,297,29,1,297,14,1,,,,297,6,0
,,,298,15,0,298,10,1,298,35,1,298,8,1,,,,298,7,0
,,,299,12,0,299,12,1,299,42,1,299,6,1,,,,299,8,0
,,,300,30,0,300,11,1,300,35,1,300,12,1,,,,300,6,0
,,,301,99,0,301,12,1,301,16,1,301,48,1,,,,301,6,0
,,,302,179,0,302,12,1,302,11,1,302,71,1,,,,302,6,0
,,,303,256,0,303,15,1,303,9,1,303,101,0,,,,303,6,0
,,,304,354,0,304,11,1,304,15,1,304,65,1,,,,304,6,0
,,,305,305,0,305,17,1,305,21,1,305,20,1,,,,305,6,0
,,,306,161,0,306,17,1,306,29,1,306,14,1,,,,306,6,0
,,,307,61,0,307,16,1,307,33,1,307,21,1,,,,307,6,0
,,,308,28,0,308,13,1,308,35,1,308,25,1,,,,308,34,0
,,,309,35,0,309,15,1,309,36,1,309,22,1,,,,309,30,0
,,,310,93,0,310,15,1,310,25,1,310,27,1,,,,310,13,0
,,,311,136,0,311,13,1,311,27,1,311,56,1,,,,311,8,0
,,,312,95,0,312,15,1,312,20,1,312,116,0,,,,312,6,0
,,,313,34,0,313,11,1,313,29,1,313,87,0,,,,313,6,0
,,,314,13,0,314,11,1,314,24,1,314,49,1,,,,314,6,0
,,,315,8,0,315,15,1,315,23,1,315,21,1,,,,315,6,0
,,,316,9,0,316,19,1,316,18,1,316,19,1,,,,316,6,0
,,,317,12,0,317,14,1,317,12,1,317,13,1,,,,317,6,0
,,,318,24,0,318,11,1,318,21,1,318,12,1,,,,318,6,0
,,,319,27,0,319,13,1,319,37,1,319,8,1,,,,319,9,0
,,,320,40,0,320,12,1,320,86,1,320,6,1,,,,320,12,0
,,,321,66,0,321,24,1,321,101,1,321,15,1,,,,321,8,0
,,,322,72,0,322,24,1,322,84,1,322,23,1,,,,322,7,0
,,,323,73,0,323,71,1,323,55,1,323,24,1,,,,323,8,0
,,,324,77,0,324,59,1,324,25,1,324,51,1,,,,324,9,0
,,,325,82,0,325,54,1,325,17,1,325,54,1,,,,325,7,0
,,,326,69,0,326,52,1,326,22,1,326,63,1,,,,326,7,0
,,,327,71,0,327,57,1,327,53,1,327,70,1,,,,327,6,0
,,,328,36,0,328,77,1,328,60,1,328,41,1,,,,328,6,0
,,,329,27,0,329,78,1,329,43,1,329,19,1,,,,329,6,0
,,,,,,330,48,1,330,31,1,330,21,1,,,,330,7,0
,,,,,,331,49,1,331,23,1,331,11,1,,,,331,7,0
,,,,,,332,93,1,332,15,1,332,7,1,,,,332,6,0
,,,,,,333,86,1,333,10,1,333,7,1,,,,333,6,0
,,,,,,334,52,1,334,12,1,334,13,1,,,,334,7,0
,,,,,,335,48,1,335,23,1,335,25,1,,,,335,6,0
,,,,,,336,98,1,336,28,1,336,57,1,,,,336,7,0
,,,,,,337,101,1,337,21,1,337,74,0,,,,337,23,0
,,,,,,338,48,1,338,13,1,338,74,0,,,,338,37,0
,,,,,,339,65,1,339,33,1,339,38,1,,,,339,17,0
,,,,,,340,99,1,340,77,1,340,34,1,,,,340,8,0
,,,,,,341,86,1,341,91,1,341,19,1,,,,341,7,0
,,,,,,342,58,1,342,62,1,342,9,1,,,,342,10,0
,,,,,,343,60,1,343,22,1,343,8,1,,,,343,9,0
,,,,,,344,137,0,344,18,1,344,8,1,,,,344,8,0
,,,,,,345,95,0,345,25,1,345,7,1,,,,345,7,0
,,,,,,346,63,1,346,17,1,346,6,1,,,,346,7,0
,,,,,,347,56,1,347,21,1,347,10,1,,,,347,7,0
,,,,,,348,96,0,348,29,1,348,20,1,,,,348,8,0
,,,,,,349,80,0,349,14,1,349,52,1,,,,349,7,0
,,,,,,350,93,0,350,11,1,350,96,0,,,,350,6,0
,,,,,,351,90,0,351,29,1,351,97,0,,,,351,6,0
,,,,,,352,87,0,352,17,1,352,90,0,,,,352,6,0
,,,,,,353,77,0,353,11,1,353,28,0,,,,353,6,0
,,,,,,354,60,0,354,10,1,354,12,1,,,,354,6,0
,,,,,,355,35,0,355,8,1,355,7,1,,,,355,6,0
,,,,,,356,29,0,356,16,1,356,7,1,,,,356,6,0
,,,,,,357,32,0,357,26,1,357,6,1,,,,357,6,0
,,,,,,358,33,0,358,22,1,358,19,1,,,,358,6,0
,,,,,,359,33,0,359,18,1,359,41,0,,,,359,6,0
,,,,,,360,32,0,360,38,1,360,54,0,,,,360,6,0
,,,,,,361,39,0,361,49,1,361,67,0,,,,361,6,0
,,,,,,362,41,0,362,68,1,362,70,0,,,,362,6,0
,,,,,,363,34,0,363,92,1,363,61,0,,,,363,6,0
,,,,,,364,35,0,364,90,1,364,34,0,,,,364,6,0
,,,,,,365,22,0,365,126,0,365,13,0,,,,365,6,0
,,,,,,366,19,0,366,133,0,366,12,0,,,,366,6,0
,,,,,,367,29,0,367,71,1,367,11,0,,,,367,7,0
,,,,,,368,20,0,368,61,1,368,9,0,,,,368,37,0
,,,,,,369,18,0,369,115,1,369,16,0,,,,369,28,0
,,,,,,370,23,0,370,110,1,370,33,0,,,,370,11,0
,,,,,,371,17,0,371,42,1,371,50,0,,,,371,10,0
,,,,,,372,17,0,372,50,1,372,81,0,,,,372,13,0
,,,,,,373,17,1,373,52,1,373,90,0,,,,373,9,0
,,,,,,374,22,1,374,52,1,374,78,0,,,,374,7,0
,,,,,,375,19,1,375,32,1,375,37,0,,,,375,6,0
,,,,,,376,14,1,376,77,1,376,21,0,,,,376,6,0
,,,,,,377,17,1,377,113,1,377,19,0,,,,377,7,0
,,,,,,378,17,1,378,103,1,378,11,0,,,,378,7,0
,,,,,,379,22,1,379,61,1,379,7,0,,,,379,7,0
,,,,,,380,19,1,380,22,1,380,8,0,,,,380,6,0
,,,,,,381,17,1,381,23,1,381,16,0,,,,381,6,0
,,,,,,382,15,1,382,17,1,382,22,0,,,,382,6,0
,,,,,,383,28,1,383,16,1,383,11,0,,,,383,7,0
,,,,,,384,26,1,384,9,1,384,10,0,,,,384,7,0
,,,,,,385,39,0,385,12,1,385,7,0,,,,385,6,0
,,,,,,386,38,0,386,10,1,386,12,0,,,,386,6,0
,,,,,,387,34,0,387,7,1,387,11,0,,,,387,6,0
,,,,,,388,25,1,388,7,1,388,9,0,,,,388,10,0
,,,,,,389,15,1,389,6,1,389,9,0,,,,389,8,0
,,,,,,390,21,1,390,6,1,390,9,0,,,,390,7,0
,,,,,,391,23,1,391,7,1,391,16,0,,,,391,6,0
,,,,,,392,20,1,392,18,1,392,11,0,,,,392,6,0
,,,,,,393,18,1,393,27,1,393,8,0,,,,393,36,0
,,,,,,394,13,1,394,55,1,394,7,0,,,,394,30,0
,,,,,,395,18,1,395,61,1,395,11,0,,,,395,18,0
,,,,,,396,21,0,396,46,1,396,8,0,,,,396,11,0
,,,,,,397,26,0,397,23,1,397,7,0,,,,397,7,0
,,,,,,398,28,0,398,15,1,398,17,0,,,,398,7,0
,,,,,,399,21,0,399,14,1,399,15,0,,,,399,6,0
,,,,,,400,21,0,400,11,1,400,12,0,,,,400,6,0
,,,,,,401,17,0,401,10,1,401,10,0,,,,401,6,0
,,,,,,402,16,0,402,13,1,402,7,0,,,,402,6,0
,,,,,,403,14,0,403,16,1,403,12,0,,,,403,6,0
,,,,,,404,12,0,404,14,1,404,8,0,,,,404,6,0
,,,,,,405,15,0,405,22,1,405,9,0,,,,405,7,0
,,,,,,406,16,0,406,16,1,406,19,0,,,,406,7,0
,,,,,,407,15,0,407,18,1,407,17,0,,,,407,6,0
,,,,,,408,12,0,408,13,1,408,10,0,,,,408,7,0
,,,,,,409,12,0,409,8,1,409,7,0,,,,409,8,0
,,,,,,410,17,0,410,7,1,410,7,0,,,,410,7,0
,,,,,,411,21,0,411,7,1,411,10,0,,,,411,6,0
,,,,,,412,22,0,412,9,1,412,9,0,,,,412,6,0
,,,,,,413,18,0,413,32,1,413,7,0,,,,413,6,0
,,,,,,414,14,0,414,61,1,414,6,0,,,,414,6,0
,,,,,,415,20,0,415,209,0,415,10,0,,,,415,5,0
,,,,,,416,23,0,416,508,1,416,14,0,,,,416,6,0
,,,,,,417,19,0,417,547,1,417,10,0,,,,417,8,0
,,,,,,418,16,0,418,333,1,418,7,0,,,,418,14,0
,,,,,,419,30,0,419,89,0,419,7,0,,,,419,16,0
,,,,,,420,45,0,420,52,0,420,6,0,,,,420,12,0
,,,,,,421,58,0,421,55,0,421,6,0,,,,421,7,0
,,,,,,422,126,0,422,25,1,422,7,0,,,,422,7,0
,,,,,,423,70,0,423,11,1,423,11,0,,,,423,11,0
,,,,,,424,95,0,424,9,1,424,15,0,,,,424,10,0
,,,,,,425,47,0,425,16,1,425,27,0,,,,425,8,0
,,,,,,426,19,0,426,18,1,426,21,0,,,,426,9,0
,,,,,,427,12,0,427,15,1,427,10,0,,,,427,11,0
,,,,,,428,16,0,428,17,1,428,7,0,,,,428,13,0
,,,,,,429,21,0,429,27,0,429,7,0,,,,429,9,0
,,,,,,430,12,0,430,20,1,430,7,0,,,,430,7,0
,,,,,,431,8,0,431,14,1,431,7,0,,,,431,9,0
,,,,,,432,7,0,432,11,1,432,8,0,,,,,,
,,,,,,433,7,0,433,8,1,433,7,0,,,,,,
,,,,,,434,7,0,434,7,1,434,28,0,,,,,,
,,,,,,435,8,0,435,7,1,435,27,0,,,,,,
,,,,,,436,7,0,436,15,1,436,16,0,,,,,,
,,,,,,437,7,0,437,24,0,437,9,0,,,,,,
,,,,,,438,7,0,438,38,0,438,8,0,,,,,,
,,,,,,439,10,0,439,39,0,439,11,0,,,,,,
,,,,,,440,13,0,440,50,0,440,12,0,,,,,,
,,,,,,441,9,0,441,55,0,441,20,0,,,,,,
,,,,,,442,7,0,442,47,0,442,10,0,,,,,,
,,,,,,443,6,0,443,50,0,443,29,0,,,,,,
,,,,,,444,6,0,444,42,0,444,20,0,,,,,,
,,,,,,445,6,0,445,36,0,445,12,0,,,,,,
,,,,,,446,7,0,446,41,0,446,7,0,,,,,,
,,,,,,447,6,0,447,44,0,447,8,0,,,,,,
,,,,,,448,6,0,448,41,0,448,15,0,,,,,,
,,,,,,449,12,0,449,45,0,449,23,0,,,,,,
,,,,,,450,16,0,450,39,0,450,19,0,,,,,,
,,,,,,451,10,0,451,31,0,451,11,0,,,,,,
,,,,,,452,8,0,452,40,0,452,30,0,,,,,,
,,,,,,453,7,0,453,29,0,453,21,0,,,,,,
,,,,,,454,7,0,454,20,0,454,17,0,,,,,,
,,,,,,455,7,0,455,16,0,455,13,0,,,,,,
,,,,,,456,6,0,456,19,0,456,11,0,,,,,,
,,,,,,457,7,0,457,24,0,457,10,0,,,,,,
,,,,,,458,7,0,458,27,0,458,8,0,,,,,,
,,,,,,459,7,0,459,24,0,459,8,0,,,,,,
,,,,,,460,7,0,460,27,0,460,29,0,,,,,,
,,,,,,461,7,0,461,21,0,461,15,0,,,,,,
,,,,,,462,6,0,462,14,0,462,9,0,,,,,,
,,,,,,463,6,0,463,10,0,463,8,0,,,,,,
,,,,,,464,6,0,464,10,0,464,8,0,,,,,,
,,,,,,465,7,0,465,8,0,465,13,0,,,,,,
,,,,,,466,6,0,466,7,0,466,8,0,,,,,,
,,,,,,467,6,0,467,7,0,467,14,0,,,,,,
,,,,,,468,7,0,468,7,0,468,18,0,,,,,,
,,,,,,469,8,0,469,8,0,469,17,0,,,,,,
,,,,,,470,7,0,470,9,0,470,15,0,,,,,,
,,,,,,471,7,0,471,16,0,471,16,0,,,,,,
,,,,,,472,7,0,472,14,0,472,9,0,,,,,,
,,,,,,473,7,0,473,13,0,473,8,0,,,,,,
,,,,,,474,8,0,474,14,0,474,7,0,,,,,,
,,,,,,475,8,0,475,14,0,475,9,0,,,,,,
,,,,,,476,9,0,476,10,0,476,11,0,,,,,,
,,,,,,477,10,0,477,8,0,477,12,0,,,,,,
,,,,,,478,7,0,478,11,0,478,28,0,,,,,,
,,,,,,479,7,0,479,8,0,479,14,0,,,,,,
,,,,,,480,7,0,480,8,0,480,9,0,,,,,,
,,,,,,481,8,0,481,8,0,481,7,0,,,,,,
,,,,,,482,9,0,482,9,0,482,7,0,,,,,,
,,,,,,483,8,0,483,13,0,483,8,0,,,,,,
,,,,,,484,8,0,484,9,0,484,7,0,,,,,,
,,,,,,485,7,0,485,12,0,485,7,0,,,,,,
,,,,,,486,7,0,486,12,0,486,9,0,,,,,,
,,,,,,487,8,0,487,9,0,487,17,0,,,,,,
,,,,,,488,8,0,488,11,0,488,12,0,,,,,,
,,,,,,489,9,0,489,9,0,489,17,0,,,,,,
,,,,,,490,12,0,490,7,0,490,30,0,,,,,,
,,,,,,491,13,0,491,7,0,491,22,0,,,,,,
,,,,,,492,11,0,492,8,0,492,12,0,,,,,,
,,,,,,493,9,0,493,7,0,493,14,0,,,,,,
,,,,,,494,8,0,494,7,0,494,27,0,,,,,,
,,,,,,495,7,0,495,7,0,495,17,0,,,,,,
,,,,,,496,8,0,496,9,0,496,12,0,,,,,,
,,,,,,497,7,0,497,7,0,497,14,0,,,,,,
,,,,,,498,7,0,498,7,0,498,19,0,,,,,,
,,,,,,499,7,0,499,11,0,499,19,0,,,,,,
,,,,,,500,7,0,500,10,0,500,11,0,,,,,,
